<?xml version="1.0" encoding="UTF-8"?>
<project-private xmlns="http://www.netbeans.org/ns/project-private/1">
    <editor-bookmarks xmlns="http://www.netbeans.org/ns/editor-bookmarks/2" lastBookmarkId="0"/>
    <open-files xmlns="http://www.netbeans.org/ns/projectui-open-files/2">
        <group>
            <file>file:/F:/java/University/src/university/University.java</file>
            <file>file:/F:/java/University/src/university/Teacher.java</file>
            <file>file:/F:/java/University/src/university/Student.java</file>
            <file>file:/F:/java/University/src/university/Staff.java</file>
        </group>
    </open-files>
</project-private>
